s_id,start_time,end_time,num_blocks,start_ts,end_ts
1,2025-01-01-00:00,2025-02-01-00:00,24,1735700400,1738378800
2,2025-02-01-00:00,2025-03-01-00:00,24,1738378800,1740798000
3,2025-03-01-00:00,2025-04-01-00:00,24,1740798000,1743476400
4,2025-04-01-00:00,2025-05-01-00:00,24,1743476400,1746072000
5,2025-05-01-00:00,2025-06-01-00:00,24,1746072000,1748750400
6,2025-06-01-00:00,2025-07-01-00:00,24,1748750400,1751342400
7,2025-07-01-00:00,2025-08-01-00:00,24,1751342400,1754020800
8,2025-08-01-00:00,2025-09-01-00:00,24,1754020800,1756699200
9,2025-09-01-00:00,2025-10-01-00:00,24,1756699200,1759287600
10,2025-10-01-00:00,2025-11-01-00:00,24,1759287600,1761966000
11,2025-11-01-00:00,2025-12-01-00:00,24,1761966000,1764558000
12,2025-12-01-00:00,2026-01-01-00:00,24,1764558000,1767236400
13,2026-01-01-00:00,2026-02-01-00:00,24,1767236400,1769914800
14,2026-02-01-00:00,2026-03-01-00:00,24,1769914800,1772334000
15,2026-03-01-00:00,2026-04-01-00:00,24,1772334000,1775012400
16,2026-04-01-00:00,2026-05-01-00:00,24,1775012400,1777608000
17,2026-05-01-00:00,2026-06-01-00:00,24,1777608000,1780286400
18,2026-06-01-00:00,2026-07-01-00:00,24,1780286400,1782878400
19,2026-07-01-00:00,2026-08-01-00:00,24,1782878400,1785556800
20,2026-08-01-00:00,2026-09-01-00:00,24,1785556800,1788235200
21,2026-09-01-00:00,2026-10-01-00:00,24,1788235200,1790823600
22,2026-10-01-00:00,2026-11-01-00:00,24,1790823600,1793502000
23,2026-11-01-00:00,2026-12-01-00:00,24,1793502000,1796094000
24,2026-12-01-00:00,2027-01-01-00:00,24,1796094000,1798772400
25,2027-01-01-00:00,2027-02-01-00:00,24,1798772400,1801450800
26,2027-02-01-00:00,2027-03-01-00:00,24,1801450800,1803870000
27,2027-03-01-00:00,2027-04-01-00:00,24,1803870000,1806548400
28,2027-04-01-00:00,2027-05-01-00:00,24,1806548400,1809144000
29,2027-05-01-00:00,2027-06-01-00:00,24,1809144000,1811822400
30,2027-06-01-00:00,2027-07-01-00:00,24,1811822400,1814414400
31,2027-07-01-00:00,2027-08-01-00:00,24,1814414400,1817092800
32,2027-08-01-00:00,2027-09-01-00:00,24,1817092800,1819771200
33,2027-09-01-00:00,2027-10-01-00:00,24,1819771200,1822359600
34,2027-10-01-00:00,2027-11-01-00:00,24,1822359600,1825038000
35,2027-11-01-00:00,2027-12-01-00:00,24,1825038000,1827630000
36,2027-12-01-00:00,2028-01-01-00:00,24,1827630000,1830308400
37,2028-01-01-00:00,2028-02-01-00:00,24,1830308400,1832986800
38,2028-02-01-00:00,2028-03-01-00:00,24,1832986800,1835492400
39,2028-03-01-00:00,2028-04-01-00:00,24,1835492400,1838170800
40,2028-04-01-00:00,2028-05-01-00:00,24,1838170800,1840766400
41,2028-05-01-00:00,2028-06-01-00:00,24,1840766400,1843444800
42,2028-06-01-00:00,2028-07-01-00:00,24,1843444800,1846036800
43,2028-07-01-00:00,2028-08-01-00:00,24,1846036800,1848715200
44,2028-08-01-00:00,2028-09-01-00:00,24,1848715200,1851393600
45,2028-09-01-00:00,2028-10-01-00:00,24,1851393600,1853982000
46,2028-10-01-00:00,2028-11-01-00:00,24,1853982000,1856660400
47,2028-11-01-00:00,2028-12-01-00:00,24,1856660400,1859252400
48,2028-12-01-00:00,2029-01-01-00:00,24,1859252400,1861930800
49,2029-01-01-00:00,2029-02-01-00:00,24,1861930800,1864609200
50,2029-02-01-00:00,2029-03-01-00:00,24,1864609200,1867028400
51,2029-03-01-00:00,2029-04-01-00:00,24,1867028400,1869706800
52,2029-04-01-00:00,2029-05-01-00:00,24,1869706800,1872302400
53,2029-05-01-00:00,2029-06-01-00:00,24,1872302400,1874980800
54,2029-06-01-00:00,2029-07-01-00:00,24,1874980800,1877572800
55,2029-07-01-00:00,2029-08-01-00:00,24,1877572800,1880251200
56,2029-08-01-00:00,2029-09-01-00:00,24,1880251200,1882929600
57,2029-09-01-00:00,2029-10-01-00:00,24,1882929600,1885518000
58,2029-10-01-00:00,2029-11-01-00:00,24,1885518000,1888196400
59,2029-11-01-00:00,2029-12-01-00:00,24,1888196400,1890788400
60,2029-12-01-00:00,2030-01-01-00:00,24,1890788400,1893466800
61,2030-01-01-00:00,2030-02-01-00:00,24,1893466800,1896145200
62,2030-02-01-00:00,2030-03-01-00:00,24,1896145200,1898564400
63,2030-03-01-00:00,2030-04-01-00:00,24,1898564400,1901242800
64,2030-04-01-00:00,2030-05-01-00:00,24,1901242800,1903838400
65,2030-05-01-00:00,2030-06-01-00:00,24,1903838400,1906516800
66,2030-06-01-00:00,2030-07-01-00:00,24,1906516800,1909108800
67,2030-07-01-00:00,2030-08-01-00:00,24,1909108800,1911787200
68,2030-08-01-00:00,2030-09-01-00:00,24,1911787200,1914465600
69,2030-09-01-00:00,2030-10-01-00:00,24,1914465600,1917054000
70,2030-10-01-00:00,2030-11-01-00:00,24,1917054000,1919732400
71,2030-11-01-00:00,2030-12-01-00:00,24,1919732400,1922324400
72,2030-12-01-00:00,2031-01-01-00:00,24,1922324400,1925002800
73,2031-01-01-00:00,2031-02-01-00:00,24,1925002800,1927681200
74,2031-02-01-00:00,2031-03-01-00:00,24,1927681200,1930100400
75,2031-03-01-00:00,2031-04-01-00:00,24,1930100400,1932778800
76,2031-04-01-00:00,2031-05-01-00:00,24,1932778800,1935374400
77,2031-05-01-00:00,2031-06-01-00:00,24,1935374400,1938052800
78,2031-06-01-00:00,2031-07-01-00:00,24,1938052800,1940644800
79,2031-07-01-00:00,2031-08-01-00:00,24,1940644800,1943323200
80,2031-08-01-00:00,2031-09-01-00:00,24,1943323200,1946001600
81,2031-09-01-00:00,2031-10-01-00:00,24,1946001600,1948590000
82,2031-10-01-00:00,2031-11-01-00:00,24,1948590000,1951268400
83,2031-11-01-00:00,2031-12-01-00:00,24,1951268400,1953860400
84,2031-12-01-00:00,2032-01-01-00:00,24,1953860400,1956538800
85,2032-01-01-00:00,2032-02-01-00:00,24,1956538800,1959217200
86,2032-02-01-00:00,2032-03-01-00:00,24,1959217200,1961722800
87,2032-03-01-00:00,2032-04-01-00:00,24,1961722800,1964401200
88,2032-04-01-00:00,2032-05-01-00:00,24,1964401200,1966996800
89,2032-05-01-00:00,2032-06-01-00:00,24,1966996800,1969675200
90,2032-06-01-00:00,2032-07-01-00:00,24,1969675200,1972267200
91,2032-07-01-00:00,2032-08-01-00:00,24,1972267200,1974945600
92,2032-08-01-00:00,2032-09-01-00:00,24,1974945600,1977624000
93,2032-09-01-00:00,2032-10-01-00:00,24,1977624000,1980212400
94,2032-10-01-00:00,2032-11-01-00:00,24,1980212400,1982890800
95,2032-11-01-00:00,2032-12-01-00:00,24,1982890800,1985482800
96,2032-12-01-00:00,2033-01-01-00:00,24,1985482800,1988161200
97,2033-01-01-00:00,2033-02-01-00:00,24,1988161200,1990839600
98,2033-02-01-00:00,2033-03-01-00:00,24,1990839600,1993258800
99,2033-03-01-00:00,2033-04-01-00:00,24,1993258800,1995937200
100,2033-04-01-00:00,2033-05-01-00:00,24,1995937200,1998532800
101,2033-05-01-00:00,2033-06-01-00:00,24,1998532800,2001211200
102,2033-06-01-00:00,2033-07-01-00:00,24,2001211200,2003803200
103,2033-07-01-00:00,2033-08-01-00:00,24,2003803200,2006481600
104,2033-08-01-00:00,2033-09-01-00:00,24,2006481600,2009160000
105,2033-09-01-00:00,2033-10-01-00:00,24,2009160000,2011748400
106,2033-10-01-00:00,2033-11-01-00:00,24,2011748400,2014426800
107,2033-11-01-00:00,2033-12-01-00:00,24,2014426800,2017018800
108,2033-12-01-00:00,2034-01-01-00:00,24,2017018800,2019697200
109,2034-01-01-00:00,2034-02-01-00:00,24,2019697200,2022375600
110,2034-02-01-00:00,2034-03-01-00:00,24,2022375600,2024794800
111,2034-03-01-00:00,2034-04-01-00:00,24,2024794800,2027473200
112,2034-04-01-00:00,2034-05-01-00:00,24,2027473200,2030068800
113,2034-05-01-00:00,2034-06-01-00:00,24,2030068800,2032747200
114,2034-06-01-00:00,2034-07-01-00:00,24,2032747200,2035339200
115,2034-07-01-00:00,2034-08-01-00:00,24,2035339200,2038017600
116,2034-08-01-00:00,2034-09-01-00:00,24,2038017600,2040696000
117,2034-09-01-00:00,2034-10-01-00:00,24,2040696000,2043284400
118,2034-10-01-00:00,2034-11-01-00:00,24,2043284400,2045962800
119,2034-11-01-00:00,2034-12-01-00:00,24,2045962800,2048554800
120,2034-12-01-00:00,2035-01-01-00:00,24,2048554800,2051233200
121,2035-01-01-00:00,2035-02-01-00:00,24,2051233200,2053911600
122,2035-02-01-00:00,2035-03-01-00:00,24,2053911600,2056330800
123,2035-03-01-00:00,2035-04-01-00:00,24,2056330800,2059009200
124,2035-04-01-00:00,2035-05-01-00:00,24,2059009200,2061604800
125,2035-05-01-00:00,2035-06-01-00:00,24,2061604800,2064283200
126,2035-06-01-00:00,2035-07-01-00:00,24,2064283200,2066875200
127,2035-07-01-00:00,2035-08-01-00:00,24,2066875200,2069553600
128,2035-08-01-00:00,2035-09-01-00:00,24,2069553600,2072232000
129,2035-09-01-00:00,2035-10-01-00:00,24,2072232000,2074820400
130,2035-10-01-00:00,2035-11-01-00:00,24,2074820400,2077498800
131,2035-11-01-00:00,2035-12-01-00:00,24,2077498800,2080090800
132,2035-12-01-00:00,2036-01-01-00:00,24,2080090800,2082769200
133,2036-01-01-00:00,2036-02-01-00:00,24,2082769200,2085447600
134,2036-02-01-00:00,2036-03-01-00:00,24,2085447600,2087953200
135,2036-03-01-00:00,2036-04-01-00:00,24,2087953200,2090631600
136,2036-04-01-00:00,2036-05-01-00:00,24,2090631600,2093227200
137,2036-05-01-00:00,2036-06-01-00:00,24,2093227200,2095905600
138,2036-06-01-00:00,2036-07-01-00:00,24,2095905600,2098497600
139,2036-07-01-00:00,2036-08-01-00:00,24,2098497600,2101176000
140,2036-08-01-00:00,2036-09-01-00:00,24,2101176000,2103854400
141,2036-09-01-00:00,2036-10-01-00:00,24,2103854400,2106442800
142,2036-10-01-00:00,2036-11-01-00:00,24,2106442800,2109121200
143,2036-11-01-00:00,2036-12-01-00:00,24,2109121200,2111713200
144,2036-12-01-00:00,2037-01-01-00:00,24,2111713200,2114391600
145,2037-01-01-00:00,2037-02-01-00:00,24,2114391600,2117070000
146,2037-02-01-00:00,2037-03-01-00:00,24,2117070000,2119489200
147,2037-03-01-00:00,2037-04-01-00:00,24,2119489200,2122167600
148,2037-04-01-00:00,2037-05-01-00:00,24,2122167600,2124763200
149,2037-05-01-00:00,2037-06-01-00:00,24,2124763200,2127441600
150,2037-06-01-00:00,2037-07-01-00:00,24,2127441600,2130033600
151,2037-07-01-00:00,2037-08-01-00:00,24,2130033600,2132712000
152,2037-08-01-00:00,2037-09-01-00:00,24,2132712000,2135390400
153,2037-09-01-00:00,2037-10-01-00:00,24,2135390400,2137978800
154,2037-10-01-00:00,2037-11-01-00:00,24,2137978800,2140657200
155,2037-11-01-00:00,2037-12-01-00:00,24,2140657200,2143249200
156,2037-12-01-00:00,2038-01-01-00:00,24,2143249200,2145927600
157,2038-01-01-00:00,2038-02-01-00:00,24,2145927600,2148606000
158,2038-02-01-00:00,2038-03-01-00:00,24,2148606000,2151025200
159,2038-03-01-00:00,2038-04-01-00:00,24,2151025200,2153703600
160,2038-04-01-00:00,2038-05-01-00:00,24,2153703600,2156299200
161,2038-05-01-00:00,2038-06-01-00:00,24,2156299200,2158977600
162,2038-06-01-00:00,2038-07-01-00:00,24,2158977600,2161569600
163,2038-07-01-00:00,2038-08-01-00:00,24,2161569600,2164248000
164,2038-08-01-00:00,2038-09-01-00:00,24,2164248000,2166926400
165,2038-09-01-00:00,2038-10-01-00:00,24,2166926400,2169514800
166,2038-10-01-00:00,2038-11-01-00:00,24,2169514800,2172193200
167,2038-11-01-00:00,2038-12-01-00:00,24,2172193200,2174785200
168,2038-12-01-00:00,2039-01-01-00:00,24,2174785200,2177463600
169,2039-01-01-00:00,2039-02-01-00:00,24,2177463600,2180142000
170,2039-02-01-00:00,2039-03-01-00:00,24,2180142000,2182561200
171,2039-03-01-00:00,2039-04-01-00:00,24,2182561200,2185239600
172,2039-04-01-00:00,2039-05-01-00:00,24,2185239600,2187835200
173,2039-05-01-00:00,2039-06-01-00:00,24,2187835200,2190513600
174,2039-06-01-00:00,2039-07-01-00:00,24,2190513600,2193105600
175,2039-07-01-00:00,2039-08-01-00:00,24,2193105600,2195784000
176,2039-08-01-00:00,2039-09-01-00:00,24,2195784000,2198462400
177,2039-09-01-00:00,2039-10-01-00:00,24,2198462400,2201050800
178,2039-10-01-00:00,2039-11-01-00:00,24,2201050800,2203729200
179,2039-11-01-00:00,2039-12-01-00:00,24,2203729200,2206321200
180,2039-12-01-00:00,2040-01-01-00:00,24,2206321200,2208999600
181,2040-01-01-00:00,2040-02-01-00:00,24,2208999600,2211678000
182,2040-02-01-00:00,2040-03-01-00:00,24,2211678000,2214183600
183,2040-03-01-00:00,2040-04-01-00:00,24,2214183600,2216862000
184,2040-04-01-00:00,2040-05-01-00:00,24,2216862000,2219457600
185,2040-05-01-00:00,2040-06-01-00:00,24,2219457600,2222136000
186,2040-06-01-00:00,2040-07-01-00:00,24,2222136000,2224728000
187,2040-07-01-00:00,2040-08-01-00:00,24,2224728000,2227406400
188,2040-08-01-00:00,2040-09-01-00:00,24,2227406400,2230084800
189,2040-09-01-00:00,2040-10-01-00:00,24,2230084800,2232673200
190,2040-10-01-00:00,2040-11-01-00:00,24,2232673200,2235351600
191,2040-11-01-00:00,2040-12-01-00:00,24,2235351600,2237943600
192,2040-12-01-00:00,2041-01-01-00:00,24,2237943600,2240622000
193,2041-01-01-00:00,2041-02-01-00:00,24,2240622000,2243300400
194,2041-02-01-00:00,2041-03-01-00:00,24,2243300400,2245719600
195,2041-03-01-00:00,2041-04-01-00:00,24,2245719600,2248398000
196,2041-04-01-00:00,2041-05-01-00:00,24,2248398000,2250993600
197,2041-05-01-00:00,2041-06-01-00:00,24,2250993600,2253672000
198,2041-06-01-00:00,2041-07-01-00:00,24,2253672000,2256264000
199,2041-07-01-00:00,2041-08-01-00:00,24,2256264000,2258942400
200,2041-08-01-00:00,2041-09-01-00:00,24,2258942400,2261620800
201,2041-09-01-00:00,2041-10-01-00:00,24,2261620800,2264209200
202,2041-10-01-00:00,2041-11-01-00:00,24,2264209200,2266887600
203,2041-11-01-00:00,2041-12-01-00:00,24,2266887600,2269479600
204,2041-12-01-00:00,2041-12-31-00:00,24,2269479600,2272071600
