s_id,start_time,end_time,num_blocks
1,2025-01-01-00:00,2025-02-01-00:00,24
2,2025-02-01-00:00,2025-03-01-00:00,24
3,2025-03-01-00:00,2025-04-01-00:00,24
4,2025-04-01-00:00,2025-05-01-00:00,24
5,2025-05-01-00:00,2025-06-01-00:00,24
6,2025-06-01-00:00,2025-07-01-00:00,24
7,2025-07-01-00:00,2025-08-01-00:00,24
8,2025-08-01-00:00,2025-09-01-00:00,24
9,2025-09-01-00:00,2025-10-01-00:00,24
10,2025-10-01-00:00,2025-11-01-00:00,24
11,2025-11-01-00:00,2025-12-01-00:00,24
12,2025-12-01-00:00,2026-01-01-00:00,24
13,2026-01-01-00:00,2026-02-01-00:00,24
14,2026-02-01-00:00,2026-03-01-00:00,24
15,2026-03-01-00:00,2026-04-01-00:00,24
16,2026-04-01-00:00,2026-05-01-00:00,24
17,2026-05-01-00:00,2026-06-01-00:00,24
18,2026-06-01-00:00,2026-07-01-00:00,24
19,2026-07-01-00:00,2026-08-01-00:00,24
20,2026-08-01-00:00,2026-09-01-00:00,24
21,2026-09-01-00:00,2026-10-01-00:00,24
22,2026-10-01-00:00,2026-11-01-00:00,24
23,2026-11-01-00:00,2026-12-01-00:00,24
24,2026-12-01-00:00,2027-01-01-00:00,24
25,2027-01-01-00:00,2027-02-01-00:00,24
26,2027-02-01-00:00,2027-03-01-00:00,24
27,2027-03-01-00:00,2027-04-01-00:00,24
28,2027-04-01-00:00,2027-05-01-00:00,24
29,2027-05-01-00:00,2027-06-01-00:00,24
30,2027-06-01-00:00,2027-07-01-00:00,24
31,2027-07-01-00:00,2027-08-01-00:00,24
32,2027-08-01-00:00,2027-09-01-00:00,24
33,2027-09-01-00:00,2027-10-01-00:00,24
34,2027-10-01-00:00,2027-11-01-00:00,24
35,2027-11-01-00:00,2027-12-01-00:00,24
36,2027-12-01-00:00,2028-01-01-00:00,24
37,2028-01-01-00:00,2028-02-01-00:00,24
38,2028-02-01-00:00,2028-03-01-00:00,24
39,2028-03-01-00:00,2028-04-01-00:00,24
40,2028-04-01-00:00,2028-05-01-00:00,24
41,2028-05-01-00:00,2028-06-01-00:00,24
42,2028-06-01-00:00,2028-07-01-00:00,24
43,2028-07-01-00:00,2028-08-01-00:00,24
44,2028-08-01-00:00,2028-09-01-00:00,24
45,2028-09-01-00:00,2028-10-01-00:00,24
46,2028-10-01-00:00,2028-11-01-00:00,24
47,2028-11-01-00:00,2028-12-01-00:00,24
48,2028-12-01-00:00,2029-01-01-00:00,24
49,2029-01-01-00:00,2029-02-01-00:00,24
50,2029-02-01-00:00,2029-03-01-00:00,24
51,2029-03-01-00:00,2029-04-01-00:00,24
52,2029-04-01-00:00,2029-05-01-00:00,24
53,2029-05-01-00:00,2029-06-01-00:00,24
54,2029-06-01-00:00,2029-07-01-00:00,24
55,2029-07-01-00:00,2029-08-01-00:00,24
56,2029-08-01-00:00,2029-09-01-00:00,24
57,2029-09-01-00:00,2029-10-01-00:00,24
58,2029-10-01-00:00,2029-11-01-00:00,24
59,2029-11-01-00:00,2029-12-01-00:00,24
60,2029-12-01-00:00,2030-01-01-00:00,24
61,2030-01-01-00:00,2030-02-01-00:00,24
62,2030-02-01-00:00,2030-03-01-00:00,24
63,2030-03-01-00:00,2030-04-01-00:00,24
64,2030-04-01-00:00,2030-05-01-00:00,24
65,2030-05-01-00:00,2030-06-01-00:00,24
66,2030-06-01-00:00,2030-07-01-00:00,24
67,2030-07-01-00:00,2030-08-01-00:00,24
68,2030-08-01-00:00,2030-09-01-00:00,24
69,2030-09-01-00:00,2030-10-01-00:00,24
70,2030-10-01-00:00,2030-11-01-00:00,24
71,2030-11-01-00:00,2030-12-01-00:00,24
72,2030-12-01-00:00,2031-01-01-00:00,24
73,2031-01-01-00:00,2031-02-01-00:00,24
74,2031-02-01-00:00,2031-03-01-00:00,24
75,2031-03-01-00:00,2031-04-01-00:00,24
76,2031-04-01-00:00,2031-05-01-00:00,24
77,2031-05-01-00:00,2031-06-01-00:00,24
78,2031-06-01-00:00,2031-07-01-00:00,24
79,2031-07-01-00:00,2031-08-01-00:00,24
80,2031-08-01-00:00,2031-09-01-00:00,24
81,2031-09-01-00:00,2031-10-01-00:00,24
82,2031-10-01-00:00,2031-11-01-00:00,24
83,2031-11-01-00:00,2031-12-01-00:00,24
84,2031-12-01-00:00,2032-01-01-00:00,24
85,2032-01-01-00:00,2032-02-01-00:00,24
86,2032-02-01-00:00,2032-03-01-00:00,24
87,2032-03-01-00:00,2032-04-01-00:00,24
88,2032-04-01-00:00,2032-05-01-00:00,24
89,2032-05-01-00:00,2032-06-01-00:00,24
90,2032-06-01-00:00,2032-07-01-00:00,24
91,2032-07-01-00:00,2032-08-01-00:00,24
92,2032-08-01-00:00,2032-09-01-00:00,24
93,2032-09-01-00:00,2032-10-01-00:00,24
94,2032-10-01-00:00,2032-11-01-00:00,24
95,2032-11-01-00:00,2032-12-01-00:00,24
96,2032-12-01-00:00,2033-01-01-00:00,24
97,2033-01-01-00:00,2033-02-01-00:00,24
98,2033-02-01-00:00,2033-03-01-00:00,24
99,2033-03-01-00:00,2033-04-01-00:00,24
100,2033-04-01-00:00,2033-05-01-00:00,24
101,2033-05-01-00:00,2033-06-01-00:00,24
102,2033-06-01-00:00,2033-07-01-00:00,24
103,2033-07-01-00:00,2033-08-01-00:00,24
104,2033-08-01-00:00,2033-09-01-00:00,24
105,2033-09-01-00:00,2033-10-01-00:00,24
106,2033-10-01-00:00,2033-11-01-00:00,24
107,2033-11-01-00:00,2033-12-01-00:00,24
108,2033-12-01-00:00,2034-01-01-00:00,24
109,2034-01-01-00:00,2034-02-01-00:00,24
110,2034-02-01-00:00,2034-03-01-00:00,24
111,2034-03-01-00:00,2034-04-01-00:00,24
112,2034-04-01-00:00,2034-05-01-00:00,24
113,2034-05-01-00:00,2034-06-01-00:00,24
114,2034-06-01-00:00,2034-07-01-00:00,24
115,2034-07-01-00:00,2034-08-01-00:00,24
116,2034-08-01-00:00,2034-09-01-00:00,24
117,2034-09-01-00:00,2034-10-01-00:00,24
118,2034-10-01-00:00,2034-11-01-00:00,24
119,2034-11-01-00:00,2034-12-01-00:00,24
120,2034-12-01-00:00,2035-01-01-00:00,24
121,2035-01-01-00:00,2035-02-01-00:00,24
122,2035-02-01-00:00,2035-03-01-00:00,24
123,2035-03-01-00:00,2035-04-01-00:00,24
124,2035-04-01-00:00,2035-05-01-00:00,24
125,2035-05-01-00:00,2035-06-01-00:00,24
126,2035-06-01-00:00,2035-07-01-00:00,24
127,2035-07-01-00:00,2035-08-01-00:00,24
128,2035-08-01-00:00,2035-09-01-00:00,24
129,2035-09-01-00:00,2035-10-01-00:00,24
130,2035-10-01-00:00,2035-11-01-00:00,24
131,2035-11-01-00:00,2035-12-01-00:00,24
132,2035-12-01-00:00,2036-01-01-00:00,24
133,2036-01-01-00:00,2036-02-01-00:00,24
134,2036-02-01-00:00,2036-03-01-00:00,24
135,2036-03-01-00:00,2036-04-01-00:00,24
136,2036-04-01-00:00,2036-05-01-00:00,24
137,2036-05-01-00:00,2036-06-01-00:00,24
138,2036-06-01-00:00,2036-07-01-00:00,24
139,2036-07-01-00:00,2036-08-01-00:00,24
140,2036-08-01-00:00,2036-09-01-00:00,24
141,2036-09-01-00:00,2036-10-01-00:00,24
142,2036-10-01-00:00,2036-11-01-00:00,24
143,2036-11-01-00:00,2036-12-01-00:00,24
144,2036-12-01-00:00,2037-01-01-00:00,24
145,2037-01-01-00:00,2037-02-01-00:00,24
146,2037-02-01-00:00,2037-03-01-00:00,24
147,2037-03-01-00:00,2037-04-01-00:00,24
148,2037-04-01-00:00,2037-05-01-00:00,24
149,2037-05-01-00:00,2037-06-01-00:00,24
150,2037-06-01-00:00,2037-07-01-00:00,24
151,2037-07-01-00:00,2037-08-01-00:00,24
152,2037-08-01-00:00,2037-09-01-00:00,24
153,2037-09-01-00:00,2037-10-01-00:00,24
154,2037-10-01-00:00,2037-11-01-00:00,24
155,2037-11-01-00:00,2037-12-01-00:00,24
156,2037-12-01-00:00,2038-01-01-00:00,24
157,2038-01-01-00:00,2038-02-01-00:00,24
158,2038-02-01-00:00,2038-03-01-00:00,24
159,2038-03-01-00:00,2038-04-01-00:00,24
160,2038-04-01-00:00,2038-05-01-00:00,24
161,2038-05-01-00:00,2038-06-01-00:00,24
162,2038-06-01-00:00,2038-07-01-00:00,24
163,2038-07-01-00:00,2038-08-01-00:00,24
164,2038-08-01-00:00,2038-09-01-00:00,24
165,2038-09-01-00:00,2038-10-01-00:00,24
166,2038-10-01-00:00,2038-11-01-00:00,24
167,2038-11-01-00:00,2038-12-01-00:00,24
168,2038-12-01-00:00,2039-01-01-00:00,24
169,2039-01-01-00:00,2039-02-01-00:00,24
170,2039-02-01-00:00,2039-03-01-00:00,24
171,2039-03-01-00:00,2039-04-01-00:00,24
172,2039-04-01-00:00,2039-05-01-00:00,24
173,2039-05-01-00:00,2039-06-01-00:00,24
174,2039-06-01-00:00,2039-07-01-00:00,24
175,2039-07-01-00:00,2039-08-01-00:00,24
176,2039-08-01-00:00,2039-09-01-00:00,24
177,2039-09-01-00:00,2039-10-01-00:00,24
178,2039-10-01-00:00,2039-11-01-00:00,24
179,2039-11-01-00:00,2039-12-01-00:00,24
180,2039-12-01-00:00,2040-01-01-00:00,24
181,2040-01-01-00:00,2040-02-01-00:00,24
182,2040-02-01-00:00,2040-03-01-00:00,24
183,2040-03-01-00:00,2040-04-01-00:00,24
184,2040-04-01-00:00,2040-05-01-00:00,24
185,2040-05-01-00:00,2040-06-01-00:00,24
186,2040-06-01-00:00,2040-07-01-00:00,24
187,2040-07-01-00:00,2040-08-01-00:00,24
188,2040-08-01-00:00,2040-09-01-00:00,24
189,2040-09-01-00:00,2040-10-01-00:00,24
190,2040-10-01-00:00,2040-11-01-00:00,24
191,2040-11-01-00:00,2040-12-01-00:00,24
192,2040-12-01-00:00,2041-01-01-00:00,24
193,2041-01-01-00:00,2041-02-01-00:00,24
194,2041-02-01-00:00,2041-03-01-00:00,24
195,2041-03-01-00:00,2041-04-01-00:00,24
196,2041-04-01-00:00,2041-05-01-00:00,24
197,2041-05-01-00:00,2041-06-01-00:00,24
198,2041-06-01-00:00,2041-07-01-00:00,24
199,2041-07-01-00:00,2041-08-01-00:00,24
200,2041-08-01-00:00,2041-09-01-00:00,24
201,2041-09-01-00:00,2041-10-01-00:00,24
202,2041-10-01-00:00,2041-11-01-00:00,24
203,2041-11-01-00:00,2041-12-01-00:00,24
204,2041-12-01-00:00,2041-12-31-00:00,24
